evidence_point_id,mastery_goal_id,bank_id,destination,unit,section,version,blueprint_slot_id,question_family_id,learning_target,i_can,practice_standard,representation,expected_evidence,security_level,estimated_time,rubric_reference,notes
U1-EP-S1-ETA-Q01,U1-MG01,U1-S1-ETA-Q01,Exit Ticket A,1,1,,,U1-S1-ETA-FAM01,"Students will explain how physics uses observation, measurement, evidence, models, and testable claims to understand the natural world.","I can distinguish between an observation, inference, hypothesis, law, and theory.",Scientific Explanation and Argument from Evidence,evidence prompt,"Student provides evidence aligned to U1-MG01: Use evidence and models to distinguish observations, inferences, and testable physics explanations, and communicate what a representation or relationship means.",formative-secure,120,Unit 1 progress language: Not Yet / Approaching / Meeting / Exceeding,
U1-EP-S1-ETB-Q01,U1-MG01,U1-S1-ETB-Q01,Exit Ticket B,1,1,,,U1-S1-ETB-FAM01,"Students will explain how physics uses observation, measurement, evidence, models, and testable claims to understand the natural world.","I can distinguish between an observation, inference, hypothesis, law, and theory.",Scientific Explanation and Argument from Evidence,evidence prompt,"Student provides evidence aligned to U1-MG01: Use evidence and models to distinguish observations, inferences, and testable physics explanations, and communicate what a representation or relationship means.",formative-secure,120,Unit 1 progress language: Not Yet / Approaching / Meeting / Exceeding,
U1-EP-S1-ETC-Q01,U1-MG01,U1-S1-ETC-Q01,Exit Ticket C,1,1,,,U1-S1-ETC-FAM01,"Students will explain how physics uses observation, measurement, evidence, models, and testable claims to understand the natural world.","I can distinguish between an observation, inference, hypothesis, law, and theory.",Scientific Explanation and Argument from Evidence,evidence prompt,"Student provides evidence aligned to U1-MG01: Use evidence and models to distinguish observations, inferences, and testable physics explanations, and communicate what a representation or relationship means.",formative-secure,120,Unit 1 progress language: Not Yet / Approaching / Meeting / Exceeding,
U1-EP-S1-ETC-Q02,U1-MG01,U1-S1-ETC-Q02,Exit Ticket C,1,1,,,U1-S1-ETC-FAM02,"Students will explain how physics uses observation, measurement, evidence, models, and testable claims to understand the natural world.","I can distinguish between an observation, inference, hypothesis, law, and theory.",Scientific Explanation and Argument from Evidence,evidence prompt,"Student provides evidence aligned to U1-MG01: Use evidence and models to distinguish observations, inferences, and testable physics explanations, and communicate what a representation or relationship means.",formative-secure,120,Unit 1 progress language: Not Yet / Approaching / Meeting / Exceeding,
U1-EP-S2-ETA-Q01,U1-MG02,U1-S2-ETA-Q01,Exit Ticket A,1,2,,,U1-S2-ETA-FAM01,Students will explain Newton’s First Law and use the idea of inertia to predict whether an object’s motion will stay the same or change.,I can state Newton’s First Law in everyday language.,Scientific Explanation and Argument from Evidence,evidence prompt,Student provides evidence aligned to U1-MG02: Explain Newton’s First Law and inertia to predict when an object’s motion remains unchanged or changes.,formative-secure,120,Unit 1 progress language: Not Yet / Approaching / Meeting / Exceeding,
U1-EP-S2-ETB-Q01,U1-MG02,U1-S2-ETB-Q01,Exit Ticket B,1,2,,,U1-S2-ETB-FAM01,Students will explain Newton’s First Law and use the idea of inertia to predict whether an object’s motion will stay the same or change.,I can state Newton’s First Law in everyday language.,Scientific Explanation and Argument from Evidence,evidence prompt,Student provides evidence aligned to U1-MG02: Explain Newton’s First Law and inertia to predict when an object’s motion remains unchanged or changes.,formative-secure,120,Unit 1 progress language: Not Yet / Approaching / Meeting / Exceeding,
U1-EP-S2-ETC-Q01,U1-MG02,U1-S2-ETC-Q01,Exit Ticket C,1,2,,,U1-S2-ETC-FAM01,Students will explain Newton’s First Law and use the idea of inertia to predict whether an object’s motion will stay the same or change.,I can state Newton’s First Law in everyday language.,Scientific Explanation and Argument from Evidence,evidence prompt,Student provides evidence aligned to U1-MG02: Explain Newton’s First Law and inertia to predict when an object’s motion remains unchanged or changes.,formative-secure,120,Unit 1 progress language: Not Yet / Approaching / Meeting / Exceeding,
U1-EP-S2-ETC-Q02,U1-MG02,U1-S2-ETC-Q02,Exit Ticket C,1,2,,,U1-S2-ETC-FAM02,Students will explain Newton’s First Law and use the idea of inertia to predict whether an object’s motion will stay the same or change.,I can state Newton’s First Law in everyday language.,Scientific Explanation and Argument from Evidence,evidence prompt,Student provides evidence aligned to U1-MG02: Explain Newton’s First Law and inertia to predict when an object’s motion remains unchanged or changes.,formative-secure,120,Unit 1 progress language: Not Yet / Approaching / Meeting / Exceeding,
U1-EP-S3-ETA-Q01,U1-MG03,U1-S3-ETA-Q01,Exit Ticket A,1,3,,,U1-S3-ETA-FAM01,Students will represent forces as vectors and determine the direction and relative size of the net force in one-dimensional and simple two-dimensional situations.,I can explain why force is a vector quantity.,Mathematical / Computational Thinking,evidence prompt,"Student provides evidence aligned to U1-MG03: Represent and determine net force using vectors, then use the result to classify balanced and unbalanced situations.",formative-secure,120,Unit 1 progress language: Not Yet / Approaching / Meeting / Exceeding,
U1-EP-S3-ETB-Q01,U1-MG03,U1-S3-ETB-Q01,Exit Ticket B,1,3,,,U1-S3-ETB-FAM01,Students will represent forces as vectors and determine the direction and relative size of the net force in one-dimensional and simple two-dimensional situations.,I can explain why force is a vector quantity.,Mathematical / Computational Thinking,evidence prompt,"Student provides evidence aligned to U1-MG03: Represent and determine net force using vectors, then use the result to classify balanced and unbalanced situations.",formative-secure,120,Unit 1 progress language: Not Yet / Approaching / Meeting / Exceeding,
U1-EP-S3-ETC-Q01,U1-MG03,U1-S3-ETC-Q01,Exit Ticket C,1,3,,,U1-S3-ETC-FAM01,Students will represent forces as vectors and determine the direction and relative size of the net force in one-dimensional and simple two-dimensional situations.,I can explain why force is a vector quantity.,Mathematical / Computational Thinking,evidence prompt,"Student provides evidence aligned to U1-MG03: Represent and determine net force using vectors, then use the result to classify balanced and unbalanced situations.",formative-secure,120,Unit 1 progress language: Not Yet / Approaching / Meeting / Exceeding,
U1-EP-S3-ETC-Q02,U1-MG03,U1-S3-ETC-Q02,Exit Ticket C,1,3,,,U1-S3-ETC-FAM02,Students will represent forces as vectors and determine the direction and relative size of the net force in one-dimensional and simple two-dimensional situations.,I can explain why force is a vector quantity.,Mathematical / Computational Thinking,evidence prompt,"Student provides evidence aligned to U1-MG03: Represent and determine net force using vectors, then use the result to classify balanced and unbalanced situations.",formative-secure,120,Unit 1 progress language: Not Yet / Approaching / Meeting / Exceeding,
U1-EP-S4-ETA-Q01,U1-MG03,U1-S4-ETA-Q01,Exit Ticket A,1,4,,,U1-S4-ETA-FAM01,Students will determine whether an object is in mechanical equilibrium and explain how balanced forces relate to rest or constant straight-line motion.,I can recognize static equilibrium and dynamic equilibrium.,Scientific Explanation and Argument from Evidence,evidence prompt,"Student provides evidence aligned to U1-MG03: Represent and determine net force using vectors, then use the result to classify balanced and unbalanced situations.",formative-secure,120,Unit 1 progress language: Not Yet / Approaching / Meeting / Exceeding,
U1-EP-S4-ETB-Q01,U1-MG02,U1-S4-ETB-Q01,Exit Ticket B,1,4,,,U1-S4-ETB-FAM01,Students will determine whether an object is in mechanical equilibrium and explain how balanced forces relate to rest or constant straight-line motion.,I can recognize static equilibrium and dynamic equilibrium.,Scientific Explanation and Argument from Evidence,evidence prompt,Student provides evidence aligned to U1-MG02: Explain Newton’s First Law and inertia to predict when an object’s motion remains unchanged or changes.,formative-secure,120,Unit 1 progress language: Not Yet / Approaching / Meeting / Exceeding,
U1-EP-S4-ETC-Q01,U1-MG02,U1-S4-ETC-Q01,Exit Ticket C,1,4,,,U1-S4-ETC-FAM01,Students will determine whether an object is in mechanical equilibrium and explain how balanced forces relate to rest or constant straight-line motion.,I can recognize static equilibrium and dynamic equilibrium.,Scientific Explanation and Argument from Evidence,evidence prompt,Student provides evidence aligned to U1-MG02: Explain Newton’s First Law and inertia to predict when an object’s motion remains unchanged or changes.,formative-secure,120,Unit 1 progress language: Not Yet / Approaching / Meeting / Exceeding,
U1-EP-S4-ETC-Q02,U1-MG03,U1-S4-ETC-Q02,Exit Ticket C,1,4,,,U1-S4-ETC-FAM02,Students will determine whether an object is in mechanical equilibrium and explain how balanced forces relate to rest or constant straight-line motion.,I can recognize static equilibrium and dynamic equilibrium.,Scientific Explanation and Argument from Evidence,evidence prompt,"Student provides evidence aligned to U1-MG03: Represent and determine net force using vectors, then use the result to classify balanced and unbalanced situations.",formative-secure,120,Unit 1 progress language: Not Yet / Approaching / Meeting / Exceeding,
U1-EP-S5-ETA-Q01,U1-MG04,U1-S5-ETA-Q01,Exit Ticket A,1,5,,,U1-S5-ETA-FAM01,"Students will create and critique force models for real-world situations involving inertia, support force, net force, and equilibrium.",I can draw a force diagram for an object in a real-world situation.,Scientific Explanation and Argument from Evidence,evidence prompt,"Student provides evidence aligned to U1-MG04: Create, critique, and defend force models for real-world systems using evidence about interactions and motion.",formative-secure,120,Unit 1 progress language: Not Yet / Approaching / Meeting / Exceeding,
U1-EP-S5-ETB-Q01,U1-MG04,U1-S5-ETB-Q01,Exit Ticket B,1,5,,,U1-S5-ETB-FAM01,"Students will create and critique force models for real-world situations involving inertia, support force, net force, and equilibrium.",I can draw a force diagram for an object in a real-world situation.,Scientific Explanation and Argument from Evidence,evidence prompt,"Student provides evidence aligned to U1-MG04: Create, critique, and defend force models for real-world systems using evidence about interactions and motion.",formative-secure,120,Unit 1 progress language: Not Yet / Approaching / Meeting / Exceeding,
U1-EP-S5-ETC-Q01,U1-MG04,U1-S5-ETC-Q01,Exit Ticket C,1,5,,,U1-S5-ETC-FAM01,"Students will create and critique force models for real-world situations involving inertia, support force, net force, and equilibrium.",I can draw a force diagram for an object in a real-world situation.,Scientific Explanation and Argument from Evidence,evidence prompt,"Student provides evidence aligned to U1-MG04: Create, critique, and defend force models for real-world systems using evidence about interactions and motion.",formative-secure,120,Unit 1 progress language: Not Yet / Approaching / Meeting / Exceeding,
U1-EP-S5-ETC-Q02,U1-MG04,U1-S5-ETC-Q02,Exit Ticket C,1,5,,,U1-S5-ETC-FAM02,"Students will create and critique force models for real-world situations involving inertia, support force, net force, and equilibrium.",I can draw a force diagram for an object in a real-world situation.,Scientific Explanation and Argument from Evidence,evidence prompt,"Student provides evidence aligned to U1-MG04: Create, critique, and defend force models for real-world systems using evidence about interactions and motion.",formative-secure,120,Unit 1 progress language: Not Yet / Approaching / Meeting / Exceeding,
U1-EP-EXT01,U1-MG01,U1-EXT01,Extended Reasoning,1,,,,U1-EXT-FAM01,Unit 1 learning ladder extended reasoning,,Plan / Evaluate Investigations,extended response,Extended evidence toward U1-MG01.,secure,420,Unit 1 progress language: Not Yet / Approaching / Meeting / Exceeding,intended_secure_use=reserve/tool-only
U1-EP-EXT02,U1-MG02,U1-EXT02,Extended Reasoning,1,,,,U1-EXT-FAM02,Unit 1 learning ladder extended reasoning,,Scientific Explanation and Argument from Evidence,extended response,Extended evidence toward U1-MG02.,secure,420,Unit 1 progress language: Not Yet / Approaching / Meeting / Exceeding,intended_secure_use=reserve/tool-only
U1-EP-EXT03,U1-MG03,U1-EXT03,Extended Reasoning,1,,,,U1-EXT-FAM03,Unit 1 learning ladder extended reasoning,,Mathematical / Computational Thinking,extended response,Extended evidence toward U1-MG03.,secure,420,Unit 1 progress language: Not Yet / Approaching / Meeting / Exceeding,intended_secure_use=reserve/tool-only
U1-EP-EXT04,U1-MG03,U1-EXT04,Extended Reasoning,1,,,,U1-EXT-FAM04,Unit 1 learning ladder extended reasoning,,Develop and Use Models,extended response,Extended evidence toward U1-MG03.,secure,420,Unit 1 progress language: Not Yet / Approaching / Meeting / Exceeding,intended_secure_use=reserve/tool-only
U1-EP-EXT05,U1-MG02,U1-EXT05,Extended Reasoning,1,,,,U1-EXT-FAM05,Unit 1 learning ladder extended reasoning,,Scientific Explanation and Argument from Evidence,extended response,Extended evidence toward U1-MG02.,secure,420,Unit 1 progress language: Not Yet / Approaching / Meeting / Exceeding,intended_secure_use=reserve/tool-only
U1-EP-EXT06,U1-MG03,U1-EXT06,Extended Reasoning,1,,,,U1-EXT-FAM06,Unit 1 learning ladder extended reasoning,,Mathematical / Computational Thinking,extended response,Extended evidence toward U1-MG03.,secure,420,Unit 1 progress language: Not Yet / Approaching / Meeting / Exceeding,intended_secure_use=reserve/tool-only
U1-EP-EXT07,U1-MG04,U1-EXT07,Extended Reasoning,1,,,,U1-EXT-FAM07,Unit 1 learning ladder extended reasoning,,Develop and Use Models,extended response,Extended evidence toward U1-MG04.,secure,420,Unit 1 progress language: Not Yet / Approaching / Meeting / Exceeding,intended_secure_use=reserve/tool-only
U1-EP-EXT08,U1-MG04,U1-EXT08,Extended Reasoning,1,,,,U1-EXT-FAM08,Unit 1 learning ladder extended reasoning,,Interpret Data and Representations,extended response,Extended evidence toward U1-MG04.,secure,420,Unit 1 progress language: Not Yet / Approaching / Meeting / Exceeding,intended_secure_use=reserve/tool-only
U1-EP-EXT09,U1-MG04,U1-EXT09,Extended Reasoning,1,,,,U1-EXT-FAM09,Unit 1 learning ladder extended reasoning,,Scientific Explanation and Argument from Evidence,extended response,Extended evidence toward U1-MG04.,secure,420,Unit 1 progress language: Not Yet / Approaching / Meeting / Exceeding,intended_secure_use=reserve/tool-only
U1-EP-EXT10,U1-MG02,U1-EXT10,Extended Reasoning,1,,,,U1-EXT-FAM10,Unit 1 learning ladder extended reasoning,,Plan / Evaluate Investigations,extended response,Extended evidence toward U1-MG02.,secure,420,Unit 1 progress language: Not Yet / Approaching / Meeting / Exceeding,intended_secure_use=reserve/tool-only
U1-EP-PERF01-A,U1-MG01,U1-PERF01,Performance Task,1,,,,U1-PERF-FAM01,Use data and force models to evaluate Newton’s First Law in a real investigation context.,,Plan / Evaluate Investigations|Develop and Use Models|Scientific Explanation and Argument from Evidence,performance task,MG01: distinguish observation/inference and evaluate evidence; MG02: connect near-zero net force with nearly unchanged velocity and correct inertia language; MG04: create/defend force models and identify limitations.,secure,1500,Unit 1 progress language: Not Yet / Approaching / Meeting / Exceeding,calculator=optional; materials=none; estimated_student_time=20-30 min
U1-EP-PERF01-B,U1-MG02,U1-PERF01,Performance Task,1,,,,U1-PERF-FAM01,Use data and force models to evaluate Newton’s First Law in a real investigation context.,,Plan / Evaluate Investigations|Develop and Use Models|Scientific Explanation and Argument from Evidence,performance task,MG01: distinguish observation/inference and evaluate evidence; MG02: connect near-zero net force with nearly unchanged velocity and correct inertia language; MG04: create/defend force models and identify limitations.,secure,1500,Unit 1 progress language: Not Yet / Approaching / Meeting / Exceeding,calculator=optional; materials=none; estimated_student_time=20-30 min
U1-EP-PERF01-C,U1-MG04,U1-PERF01,Performance Task,1,,,,U1-PERF-FAM01,Use data and force models to evaluate Newton’s First Law in a real investigation context.,,Plan / Evaluate Investigations|Develop and Use Models|Scientific Explanation and Argument from Evidence,performance task,MG01: distinguish observation/inference and evaluate evidence; MG02: connect near-zero net force with nearly unchanged velocity and correct inertia language; MG04: create/defend force models and identify limitations.,secure,1500,Unit 1 progress language: Not Yet / Approaching / Meeting / Exceeding,calculator=optional; materials=none; estimated_student_time=20-30 min
U1-EP-PERF02-A,U1-MG02,U1-PERF02,Performance Task,1,,,,U1-PERF-FAM02,Critique and revise a force model so it agrees with motion evidence and equilibrium reasoning.,,Interpret Data and Representations|Mathematical / Computational Thinking|Develop and Use Models|Scientific Explanation and Argument from Evidence,performance task,"MG02: constant velocity/N1L; MG03: net-force arithmetic and equilibrium; MG04: critique, revise, and defend a force model.",secure,1500,Unit 1 progress language: Not Yet / Approaching / Meeting / Exceeding,calculator=not required; materials=none; estimated_student_time=20-30 min
U1-EP-PERF02-B,U1-MG03,U1-PERF02,Performance Task,1,,,,U1-PERF-FAM02,Critique and revise a force model so it agrees with motion evidence and equilibrium reasoning.,,Interpret Data and Representations|Mathematical / Computational Thinking|Develop and Use Models|Scientific Explanation and Argument from Evidence,performance task,"MG02: constant velocity/N1L; MG03: net-force arithmetic and equilibrium; MG04: critique, revise, and defend a force model.",secure,1500,Unit 1 progress language: Not Yet / Approaching / Meeting / Exceeding,calculator=not required; materials=none; estimated_student_time=20-30 min
U1-EP-PERF02-C,U1-MG04,U1-PERF02,Performance Task,1,,,,U1-PERF-FAM02,Critique and revise a force model so it agrees with motion evidence and equilibrium reasoning.,,Interpret Data and Representations|Mathematical / Computational Thinking|Develop and Use Models|Scientific Explanation and Argument from Evidence,performance task,"MG02: constant velocity/N1L; MG03: net-force arithmetic and equilibrium; MG04: critique, revise, and defend a force model.",secure,1500,Unit 1 progress language: Not Yet / Approaching / Meeting / Exceeding,calculator=not required; materials=none; estimated_student_time=20-30 min
U1-EP-SUM-V1-S01,U1-MG01,U1-SUM-V1-Q01,Summative,1,,V1,U1-SUM-SLOT01,U1-SUM-TD-FAM01,"Use evidence and models to distinguish observations, inferences, and testable physics explanations, and communicate what a representation or relationship means.",,Scientific Explanation and Argument from Evidence,multiple choice,"Secure evidence for U1-MG01: Use evidence and models to distinguish observations, inferences, and testable physics explanations, and communicate what a representation or relationship means.",secure,90,Unit 1 progress language: Not Yet / Approaching / Meeting / Exceeding,form_group=test_day; calculator=not required; blueprint_focus=observation vs inference; representation=scenario statement
U1-EP-SUM-V1-S02,U1-MG01,U1-SUM-V1-Q02,Summative,1,,V1,U1-SUM-SLOT02,U1-SUM-TD-FAM02,"Use evidence and models to distinguish observations, inferences, and testable physics explanations, and communicate what a representation or relationship means.",,Scientific Explanation and Argument from Evidence,multipart,"Secure evidence for U1-MG01: Use evidence and models to distinguish observations, inferences, and testable physics explanations, and communicate what a representation or relationship means.",secure,180,Unit 1 progress language: Not Yet / Approaching / Meeting / Exceeding,form_group=test_day; calculator=not required; blueprint_focus=testable claim and evidence/model meaning; representation=short data/claim
U1-EP-SUM-V1-S03,U1-MG02,U1-SUM-V1-Q03,Summative,1,,V1,U1-SUM-SLOT03,U1-SUM-TD-FAM03,Explain Newton’s First Law and inertia to predict when an object’s motion remains unchanged or changes.,,Scientific Explanation and Argument from Evidence,multiple choice,Secure evidence for U1-MG02: Explain Newton’s First Law and inertia to predict when an object’s motion remains unchanged or changes.,secure,90,Unit 1 progress language: Not Yet / Approaching / Meeting / Exceeding,form_group=test_day; calculator=not required; blueprint_focus=Newton First Law motion prediction; representation=motion scenario
U1-EP-SUM-V1-S04,U1-MG02,U1-SUM-V1-Q04,Summative,1,,V1,U1-SUM-SLOT04,U1-SUM-TD-FAM04,Explain Newton’s First Law and inertia to predict when an object’s motion remains unchanged or changes.,,Scientific Explanation and Argument from Evidence,short response,Secure evidence for U1-MG02: Explain Newton’s First Law and inertia to predict when an object’s motion remains unchanged or changes.,secure,180,Unit 1 progress language: Not Yet / Approaching / Meeting / Exceeding,form_group=test_day; calculator=not required; blueprint_focus=inertia/no-net-force misconception critique; representation=explanation
U1-EP-SUM-V1-S05,U1-MG03,U1-SUM-V1-Q05,Summative,1,,V1,U1-SUM-SLOT05,U1-SUM-TD-FAM05,"Represent and determine net force using vectors, then use the result to classify balanced and unbalanced situations.",,Mathematical / Computational Thinking,short response,"Secure evidence for U1-MG03: Represent and determine net force using vectors, then use the result to classify balanced and unbalanced situations.",secure,120,Unit 1 progress language: Not Yet / Approaching / Meeting / Exceeding,form_group=test_day; calculator=not required; blueprint_focus=one-dimensional net force; representation=numeric forces
U1-EP-SUM-V1-S06,U1-MG03,U1-SUM-V1-Q06,Summative,1,,V1,U1-SUM-SLOT06,U1-SUM-TD-FAM06,"Represent and determine net force using vectors, then use the result to classify balanced and unbalanced situations.",,Mathematical / Computational Thinking,short response,"Secure evidence for U1-MG03: Represent and determine net force using vectors, then use the result to classify balanced and unbalanced situations.",secure,150,Unit 1 progress language: Not Yet / Approaching / Meeting / Exceeding,form_group=test_day; calculator=not required; blueprint_focus=simple two-dimensional resultant; representation=components
U1-EP-SUM-V1-S07,U1-MG03,U1-SUM-V1-Q07,Summative,1,,V1,U1-SUM-SLOT07,U1-SUM-TD-FAM07,"Represent and determine net force using vectors, then use the result to classify balanced and unbalanced situations.",,Mathematical / Computational Thinking,multiple choice,"Secure evidence for U1-MG03: Represent and determine net force using vectors, then use the result to classify balanced and unbalanced situations.",secure,90,Unit 1 progress language: Not Yet / Approaching / Meeting / Exceeding,form_group=test_day; calculator=not required; blueprint_focus=equilibrium classification from force relationships; representation=force relationship
U1-EP-SUM-V1-S08,U1-MG04,U1-SUM-V1-Q08,Summative,1,,V1,U1-SUM-SLOT08,U1-SUM-TD-FAM08,"Create, critique, and defend force models for real-world systems using evidence about interactions and motion.",,Develop and Use Models,short response,"Secure evidence for U1-MG04: Create, critique, and defend force models for real-world systems using evidence about interactions and motion.",secure,180,Unit 1 progress language: Not Yet / Approaching / Meeting / Exceeding,form_group=test_day; calculator=not required; blueprint_focus=force-model system audit; representation=model critique
U1-EP-SUM-V1-S09,U1-MG04,U1-SUM-V1-Q09,Summative,1,,V1,U1-SUM-SLOT09,U1-SUM-TD-FAM09,"Create, critique, and defend force models for real-world systems using evidence about interactions and motion.",,Develop and Use Models,multipart,"Secure evidence for U1-MG04: Create, critique, and defend force models for real-world systems using evidence about interactions and motion.",secure,240,Unit 1 progress language: Not Yet / Approaching / Meeting / Exceeding,form_group=test_day; calculator=not required; blueprint_focus=defend model with motion evidence; representation=evidence/model comparison
U1-EP-SUM-V1-S10,U1-MG02,U1-SUM-V1-Q10,Summative,1,,V1,U1-SUM-SLOT10,U1-SUM-TD-FAM10,Explain Newton’s First Law and inertia to predict when an object’s motion remains unchanged or changes.,,Scientific Explanation and Argument from Evidence,multiple choice,Secure evidence for U1-MG02: Explain Newton’s First Law and inertia to predict when an object’s motion remains unchanged or changes.,secure,90,Unit 1 progress language: Not Yet / Approaching / Meeting / Exceeding,form_group=test_day; calculator=not required; blueprint_focus=static/dynamic equilibrium and changing velocity; representation=motion classification
U1-EP-SUM-V2-S03,U1-MG02,U1-SUM-V2-Q01,Summative,1,,V2,U1-SUM-SLOT03,U1-SUM-TD-FAM03,Explain Newton’s First Law and inertia to predict when an object’s motion remains unchanged or changes.,,Scientific Explanation and Argument from Evidence,multiple choice,Secure evidence for U1-MG02: Explain Newton’s First Law and inertia to predict when an object’s motion remains unchanged or changes.,secure,90,Unit 1 progress language: Not Yet / Approaching / Meeting / Exceeding,form_group=test_day; calculator=not required; blueprint_focus=Newton First Law motion prediction; representation=motion scenario
U1-EP-SUM-V2-S01,U1-MG01,U1-SUM-V2-Q02,Summative,1,,V2,U1-SUM-SLOT01,U1-SUM-TD-FAM01,"Use evidence and models to distinguish observations, inferences, and testable physics explanations, and communicate what a representation or relationship means.",,Scientific Explanation and Argument from Evidence,multiple choice,"Secure evidence for U1-MG01: Use evidence and models to distinguish observations, inferences, and testable physics explanations, and communicate what a representation or relationship means.",secure,90,Unit 1 progress language: Not Yet / Approaching / Meeting / Exceeding,form_group=test_day; calculator=not required; blueprint_focus=observation vs inference; representation=scenario statement
U1-EP-SUM-V2-S05,U1-MG03,U1-SUM-V2-Q03,Summative,1,,V2,U1-SUM-SLOT05,U1-SUM-TD-FAM05,"Represent and determine net force using vectors, then use the result to classify balanced and unbalanced situations.",,Mathematical / Computational Thinking,short response,"Secure evidence for U1-MG03: Represent and determine net force using vectors, then use the result to classify balanced and unbalanced situations.",secure,120,Unit 1 progress language: Not Yet / Approaching / Meeting / Exceeding,form_group=test_day; calculator=not required; blueprint_focus=one-dimensional net force; representation=numeric forces
U1-EP-SUM-V2-S02,U1-MG01,U1-SUM-V2-Q04,Summative,1,,V2,U1-SUM-SLOT02,U1-SUM-TD-FAM02,"Use evidence and models to distinguish observations, inferences, and testable physics explanations, and communicate what a representation or relationship means.",,Scientific Explanation and Argument from Evidence,multipart,"Secure evidence for U1-MG01: Use evidence and models to distinguish observations, inferences, and testable physics explanations, and communicate what a representation or relationship means.",secure,180,Unit 1 progress language: Not Yet / Approaching / Meeting / Exceeding,form_group=test_day; calculator=not required; blueprint_focus=testable claim and evidence/model meaning; representation=short data/claim
U1-EP-SUM-V2-S08,U1-MG04,U1-SUM-V2-Q05,Summative,1,,V2,U1-SUM-SLOT08,U1-SUM-TD-FAM08,"Create, critique, and defend force models for real-world systems using evidence about interactions and motion.",,Develop and Use Models,short response,"Secure evidence for U1-MG04: Create, critique, and defend force models for real-world systems using evidence about interactions and motion.",secure,180,Unit 1 progress language: Not Yet / Approaching / Meeting / Exceeding,form_group=test_day; calculator=not required; blueprint_focus=force-model system audit; representation=model critique
U1-EP-SUM-V2-S04,U1-MG02,U1-SUM-V2-Q06,Summative,1,,V2,U1-SUM-SLOT04,U1-SUM-TD-FAM04,Explain Newton’s First Law and inertia to predict when an object’s motion remains unchanged or changes.,,Scientific Explanation and Argument from Evidence,short response,Secure evidence for U1-MG02: Explain Newton’s First Law and inertia to predict when an object’s motion remains unchanged or changes.,secure,180,Unit 1 progress language: Not Yet / Approaching / Meeting / Exceeding,form_group=test_day; calculator=not required; blueprint_focus=inertia/no-net-force misconception critique; representation=explanation
U1-EP-SUM-V2-S10,U1-MG02,U1-SUM-V2-Q07,Summative,1,,V2,U1-SUM-SLOT10,U1-SUM-TD-FAM10,Explain Newton’s First Law and inertia to predict when an object’s motion remains unchanged or changes.,,Scientific Explanation and Argument from Evidence,multiple choice,Secure evidence for U1-MG02: Explain Newton’s First Law and inertia to predict when an object’s motion remains unchanged or changes.,secure,90,Unit 1 progress language: Not Yet / Approaching / Meeting / Exceeding,form_group=test_day; calculator=not required; blueprint_focus=static/dynamic equilibrium and changing velocity; representation=motion classification
U1-EP-SUM-V2-S06,U1-MG03,U1-SUM-V2-Q08,Summative,1,,V2,U1-SUM-SLOT06,U1-SUM-TD-FAM06,"Represent and determine net force using vectors, then use the result to classify balanced and unbalanced situations.",,Mathematical / Computational Thinking,short response,"Secure evidence for U1-MG03: Represent and determine net force using vectors, then use the result to classify balanced and unbalanced situations.",secure,150,Unit 1 progress language: Not Yet / Approaching / Meeting / Exceeding,form_group=test_day; calculator=not required; blueprint_focus=simple two-dimensional resultant; representation=components
U1-EP-SUM-V2-S09,U1-MG04,U1-SUM-V2-Q09,Summative,1,,V2,U1-SUM-SLOT09,U1-SUM-TD-FAM09,"Create, critique, and defend force models for real-world systems using evidence about interactions and motion.",,Develop and Use Models,multipart,"Secure evidence for U1-MG04: Create, critique, and defend force models for real-world systems using evidence about interactions and motion.",secure,240,Unit 1 progress language: Not Yet / Approaching / Meeting / Exceeding,form_group=test_day; calculator=not required; blueprint_focus=defend model with motion evidence; representation=evidence/model comparison
U1-EP-SUM-V2-S07,U1-MG03,U1-SUM-V2-Q10,Summative,1,,V2,U1-SUM-SLOT07,U1-SUM-TD-FAM07,"Represent and determine net force using vectors, then use the result to classify balanced and unbalanced situations.",,Mathematical / Computational Thinking,multiple choice,"Secure evidence for U1-MG03: Represent and determine net force using vectors, then use the result to classify balanced and unbalanced situations.",secure,90,Unit 1 progress language: Not Yet / Approaching / Meeting / Exceeding,form_group=test_day; calculator=not required; blueprint_focus=equilibrium classification from force relationships; representation=force relationship
U1-EP-SUM-V3-S05,U1-MG03,U1-SUM-V3-Q01,Summative,1,,V3,U1-SUM-SLOT05,U1-SUM-TD-FAM05,"Represent and determine net force using vectors, then use the result to classify balanced and unbalanced situations.",,Mathematical / Computational Thinking,short response,"Secure evidence for U1-MG03: Represent and determine net force using vectors, then use the result to classify balanced and unbalanced situations.",secure,120,Unit 1 progress language: Not Yet / Approaching / Meeting / Exceeding,form_group=test_day; calculator=not required; blueprint_focus=one-dimensional net force; representation=numeric forces
U1-EP-SUM-V3-S03,U1-MG02,U1-SUM-V3-Q02,Summative,1,,V3,U1-SUM-SLOT03,U1-SUM-TD-FAM03,Explain Newton’s First Law and inertia to predict when an object’s motion remains unchanged or changes.,,Scientific Explanation and Argument from Evidence,multiple choice,Secure evidence for U1-MG02: Explain Newton’s First Law and inertia to predict when an object’s motion remains unchanged or changes.,secure,90,Unit 1 progress language: Not Yet / Approaching / Meeting / Exceeding,form_group=test_day; calculator=not required; blueprint_focus=Newton First Law motion prediction; representation=motion scenario
U1-EP-SUM-V3-S01,U1-MG01,U1-SUM-V3-Q03,Summative,1,,V3,U1-SUM-SLOT01,U1-SUM-TD-FAM01,"Use evidence and models to distinguish observations, inferences, and testable physics explanations, and communicate what a representation or relationship means.",,Scientific Explanation and Argument from Evidence,multiple choice,"Secure evidence for U1-MG01: Use evidence and models to distinguish observations, inferences, and testable physics explanations, and communicate what a representation or relationship means.",secure,90,Unit 1 progress language: Not Yet / Approaching / Meeting / Exceeding,form_group=test_day; calculator=not required; blueprint_focus=observation vs inference; representation=scenario statement
U1-EP-SUM-V3-S07,U1-MG03,U1-SUM-V3-Q04,Summative,1,,V3,U1-SUM-SLOT07,U1-SUM-TD-FAM07,"Represent and determine net force using vectors, then use the result to classify balanced and unbalanced situations.",,Mathematical / Computational Thinking,multiple choice,"Secure evidence for U1-MG03: Represent and determine net force using vectors, then use the result to classify balanced and unbalanced situations.",secure,90,Unit 1 progress language: Not Yet / Approaching / Meeting / Exceeding,form_group=test_day; calculator=not required; blueprint_focus=equilibrium classification from force relationships; representation=force relationship
U1-EP-SUM-V3-S02,U1-MG01,U1-SUM-V3-Q05,Summative,1,,V3,U1-SUM-SLOT02,U1-SUM-TD-FAM02,"Use evidence and models to distinguish observations, inferences, and testable physics explanations, and communicate what a representation or relationship means.",,Scientific Explanation and Argument from Evidence,multipart,"Secure evidence for U1-MG01: Use evidence and models to distinguish observations, inferences, and testable physics explanations, and communicate what a representation or relationship means.",secure,180,Unit 1 progress language: Not Yet / Approaching / Meeting / Exceeding,form_group=test_day; calculator=not required; blueprint_focus=testable claim and evidence/model meaning; representation=short data/claim
U1-EP-SUM-V3-S09,U1-MG04,U1-SUM-V3-Q06,Summative,1,,V3,U1-SUM-SLOT09,U1-SUM-TD-FAM09,"Create, critique, and defend force models for real-world systems using evidence about interactions and motion.",,Develop and Use Models,multipart,"Secure evidence for U1-MG04: Create, critique, and defend force models for real-world systems using evidence about interactions and motion.",secure,240,Unit 1 progress language: Not Yet / Approaching / Meeting / Exceeding,form_group=test_day; calculator=not required; blueprint_focus=defend model with motion evidence; representation=evidence/model comparison
U1-EP-SUM-V3-S04,U1-MG02,U1-SUM-V3-Q07,Summative,1,,V3,U1-SUM-SLOT04,U1-SUM-TD-FAM04,Explain Newton’s First Law and inertia to predict when an object’s motion remains unchanged or changes.,,Scientific Explanation and Argument from Evidence,short response,Secure evidence for U1-MG02: Explain Newton’s First Law and inertia to predict when an object’s motion remains unchanged or changes.,secure,180,Unit 1 progress language: Not Yet / Approaching / Meeting / Exceeding,form_group=test_day; calculator=not required; blueprint_focus=inertia/no-net-force misconception critique; representation=explanation
U1-EP-SUM-V3-S06,U1-MG03,U1-SUM-V3-Q08,Summative,1,,V3,U1-SUM-SLOT06,U1-SUM-TD-FAM06,"Represent and determine net force using vectors, then use the result to classify balanced and unbalanced situations.",,Mathematical / Computational Thinking,short response,"Secure evidence for U1-MG03: Represent and determine net force using vectors, then use the result to classify balanced and unbalanced situations.",secure,150,Unit 1 progress language: Not Yet / Approaching / Meeting / Exceeding,form_group=test_day; calculator=not required; blueprint_focus=simple two-dimensional resultant; representation=components
U1-EP-SUM-V3-S10,U1-MG02,U1-SUM-V3-Q09,Summative,1,,V3,U1-SUM-SLOT10,U1-SUM-TD-FAM10,Explain Newton’s First Law and inertia to predict when an object’s motion remains unchanged or changes.,,Scientific Explanation and Argument from Evidence,multiple choice,Secure evidence for U1-MG02: Explain Newton’s First Law and inertia to predict when an object’s motion remains unchanged or changes.,secure,90,Unit 1 progress language: Not Yet / Approaching / Meeting / Exceeding,form_group=test_day; calculator=not required; blueprint_focus=static/dynamic equilibrium and changing velocity; representation=motion classification
U1-EP-SUM-V3-S08,U1-MG04,U1-SUM-V3-Q10,Summative,1,,V3,U1-SUM-SLOT08,U1-SUM-TD-FAM08,"Create, critique, and defend force models for real-world systems using evidence about interactions and motion.",,Develop and Use Models,short response,"Secure evidence for U1-MG04: Create, critique, and defend force models for real-world systems using evidence about interactions and motion.",secure,180,Unit 1 progress language: Not Yet / Approaching / Meeting / Exceeding,form_group=test_day; calculator=not required; blueprint_focus=force-model system audit; representation=model critique
U1-EP-SUM-V4-S02,U1-MG01,U1-SUM-V4-Q01,Summative,1,,V4,U1-SUM-SLOT02,U1-SUM-TD-FAM02,"Use evidence and models to distinguish observations, inferences, and testable physics explanations, and communicate what a representation or relationship means.",,Scientific Explanation and Argument from Evidence,multipart,"Secure evidence for U1-MG01: Use evidence and models to distinguish observations, inferences, and testable physics explanations, and communicate what a representation or relationship means.",secure,180,Unit 1 progress language: Not Yet / Approaching / Meeting / Exceeding,form_group=test_day; calculator=not required; blueprint_focus=testable claim and evidence/model meaning; representation=short data/claim
U1-EP-SUM-V4-S06,U1-MG03,U1-SUM-V4-Q02,Summative,1,,V4,U1-SUM-SLOT06,U1-SUM-TD-FAM06,"Represent and determine net force using vectors, then use the result to classify balanced and unbalanced situations.",,Mathematical / Computational Thinking,short response,"Secure evidence for U1-MG03: Represent and determine net force using vectors, then use the result to classify balanced and unbalanced situations.",secure,150,Unit 1 progress language: Not Yet / Approaching / Meeting / Exceeding,form_group=test_day; calculator=not required; blueprint_focus=simple two-dimensional resultant; representation=components
U1-EP-SUM-V4-S04,U1-MG02,U1-SUM-V4-Q03,Summative,1,,V4,U1-SUM-SLOT04,U1-SUM-TD-FAM04,Explain Newton’s First Law and inertia to predict when an object’s motion remains unchanged or changes.,,Scientific Explanation and Argument from Evidence,short response,Secure evidence for U1-MG02: Explain Newton’s First Law and inertia to predict when an object’s motion remains unchanged or changes.,secure,180,Unit 1 progress language: Not Yet / Approaching / Meeting / Exceeding,form_group=test_day; calculator=not required; blueprint_focus=inertia/no-net-force misconception critique; representation=explanation
U1-EP-SUM-V4-S01,U1-MG01,U1-SUM-V4-Q04,Summative,1,,V4,U1-SUM-SLOT01,U1-SUM-TD-FAM01,"Use evidence and models to distinguish observations, inferences, and testable physics explanations, and communicate what a representation or relationship means.",,Scientific Explanation and Argument from Evidence,multiple choice,"Secure evidence for U1-MG01: Use evidence and models to distinguish observations, inferences, and testable physics explanations, and communicate what a representation or relationship means.",secure,90,Unit 1 progress language: Not Yet / Approaching / Meeting / Exceeding,form_group=test_day; calculator=not required; blueprint_focus=observation vs inference; representation=scenario statement
U1-EP-SUM-V4-S09,U1-MG04,U1-SUM-V4-Q05,Summative,1,,V4,U1-SUM-SLOT09,U1-SUM-TD-FAM09,"Create, critique, and defend force models for real-world systems using evidence about interactions and motion.",,Develop and Use Models,multipart,"Secure evidence for U1-MG04: Create, critique, and defend force models for real-world systems using evidence about interactions and motion.",secure,240,Unit 1 progress language: Not Yet / Approaching / Meeting / Exceeding,form_group=test_day; calculator=not required; blueprint_focus=defend model with motion evidence; representation=evidence/model comparison
U1-EP-SUM-V4-S03,U1-MG02,U1-SUM-V4-Q06,Summative,1,,V4,U1-SUM-SLOT03,U1-SUM-TD-FAM03,Explain Newton’s First Law and inertia to predict when an object’s motion remains unchanged or changes.,,Scientific Explanation and Argument from Evidence,multiple choice,Secure evidence for U1-MG02: Explain Newton’s First Law and inertia to predict when an object’s motion remains unchanged or changes.,secure,90,Unit 1 progress language: Not Yet / Approaching / Meeting / Exceeding,form_group=test_day; calculator=not required; blueprint_focus=Newton First Law motion prediction; representation=motion scenario
U1-EP-SUM-V4-S07,U1-MG03,U1-SUM-V4-Q07,Summative,1,,V4,U1-SUM-SLOT07,U1-SUM-TD-FAM07,"Represent and determine net force using vectors, then use the result to classify balanced and unbalanced situations.",,Mathematical / Computational Thinking,multiple choice,"Secure evidence for U1-MG03: Represent and determine net force using vectors, then use the result to classify balanced and unbalanced situations.",secure,90,Unit 1 progress language: Not Yet / Approaching / Meeting / Exceeding,form_group=test_day; calculator=not required; blueprint_focus=equilibrium classification from force relationships; representation=force relationship
U1-EP-SUM-V4-S10,U1-MG02,U1-SUM-V4-Q08,Summative,1,,V4,U1-SUM-SLOT10,U1-SUM-TD-FAM10,Explain Newton’s First Law and inertia to predict when an object’s motion remains unchanged or changes.,,Scientific Explanation and Argument from Evidence,multiple choice,Secure evidence for U1-MG02: Explain Newton’s First Law and inertia to predict when an object’s motion remains unchanged or changes.,secure,90,Unit 1 progress language: Not Yet / Approaching / Meeting / Exceeding,form_group=test_day; calculator=not required; blueprint_focus=static/dynamic equilibrium and changing velocity; representation=motion classification
U1-EP-SUM-V4-S05,U1-MG03,U1-SUM-V4-Q09,Summative,1,,V4,U1-SUM-SLOT05,U1-SUM-TD-FAM05,"Represent and determine net force using vectors, then use the result to classify balanced and unbalanced situations.",,Mathematical / Computational Thinking,short response,"Secure evidence for U1-MG03: Represent and determine net force using vectors, then use the result to classify balanced and unbalanced situations.",secure,120,Unit 1 progress language: Not Yet / Approaching / Meeting / Exceeding,form_group=test_day; calculator=not required; blueprint_focus=one-dimensional net force; representation=numeric forces
U1-EP-SUM-V4-S08,U1-MG04,U1-SUM-V4-Q10,Summative,1,,V4,U1-SUM-SLOT08,U1-SUM-TD-FAM08,"Create, critique, and defend force models for real-world systems using evidence about interactions and motion.",,Develop and Use Models,short response,"Secure evidence for U1-MG04: Create, critique, and defend force models for real-world systems using evidence about interactions and motion.",secure,180,Unit 1 progress language: Not Yet / Approaching / Meeting / Exceeding,form_group=test_day; calculator=not required; blueprint_focus=force-model system audit; representation=model critique
U1-EP-SUM-V5-S08,U1-MG04,U1-SUM-V5-Q01,Summative,1,,V5,U1-SUM-SLOT08,U1-SUM-MU5-FAM08,"Create, critique, and defend force models for real-world systems using evidence about interactions and motion.",,Develop and Use Models,multipart,"Secure evidence for U1-MG04: Create, critique, and defend force models for real-world systems using evidence about interactions and motion.",secure,180,Unit 1 progress language: Not Yet / Approaching / Meeting / Exceeding,form_group=makeup; calculator=not required; blueprint_focus=force-model system audit; representation=model critique
U1-EP-SUM-V5-S03,U1-MG02,U1-SUM-V5-Q02,Summative,1,,V5,U1-SUM-SLOT03,U1-SUM-MU5-FAM03,Explain Newton’s First Law and inertia to predict when an object’s motion remains unchanged or changes.,,Scientific Explanation and Argument from Evidence,short response,Secure evidence for U1-MG02: Explain Newton’s First Law and inertia to predict when an object’s motion remains unchanged or changes.,secure,90,Unit 1 progress language: Not Yet / Approaching / Meeting / Exceeding,form_group=makeup; calculator=not required; blueprint_focus=Newton First Law motion prediction; representation=motion scenario
U1-EP-SUM-V5-S01,U1-MG01,U1-SUM-V5-Q03,Summative,1,,V5,U1-SUM-SLOT01,U1-SUM-MU5-FAM01,"Use evidence and models to distinguish observations, inferences, and testable physics explanations, and communicate what a representation or relationship means.",,Scientific Explanation and Argument from Evidence,multipart,"Secure evidence for U1-MG01: Use evidence and models to distinguish observations, inferences, and testable physics explanations, and communicate what a representation or relationship means.",secure,90,Unit 1 progress language: Not Yet / Approaching / Meeting / Exceeding,form_group=makeup; calculator=not required; blueprint_focus=observation vs inference; representation=scenario statement
U1-EP-SUM-V5-S06,U1-MG03,U1-SUM-V5-Q04,Summative,1,,V5,U1-SUM-SLOT06,U1-SUM-MU5-FAM06,"Represent and determine net force using vectors, then use the result to classify balanced and unbalanced situations.",,Mathematical / Computational Thinking,multipart,"Secure evidence for U1-MG03: Represent and determine net force using vectors, then use the result to classify balanced and unbalanced situations.",secure,150,Unit 1 progress language: Not Yet / Approaching / Meeting / Exceeding,form_group=makeup; calculator=not required; blueprint_focus=simple two-dimensional resultant; representation=components
U1-EP-SUM-V5-S10,U1-MG02,U1-SUM-V5-Q05,Summative,1,,V5,U1-SUM-SLOT10,U1-SUM-MU5-FAM10,Explain Newton’s First Law and inertia to predict when an object’s motion remains unchanged or changes.,,Scientific Explanation and Argument from Evidence,multipart,Secure evidence for U1-MG02: Explain Newton’s First Law and inertia to predict when an object’s motion remains unchanged or changes.,secure,90,Unit 1 progress language: Not Yet / Approaching / Meeting / Exceeding,form_group=makeup; calculator=not required; blueprint_focus=static/dynamic equilibrium and changing velocity; representation=motion classification
U1-EP-SUM-V5-S02,U1-MG01,U1-SUM-V5-Q06,Summative,1,,V5,U1-SUM-SLOT02,U1-SUM-MU5-FAM02,"Use evidence and models to distinguish observations, inferences, and testable physics explanations, and communicate what a representation or relationship means.",,Scientific Explanation and Argument from Evidence,multipart,"Secure evidence for U1-MG01: Use evidence and models to distinguish observations, inferences, and testable physics explanations, and communicate what a representation or relationship means.",secure,180,Unit 1 progress language: Not Yet / Approaching / Meeting / Exceeding,form_group=makeup; calculator=not required; blueprint_focus=testable claim and evidence/model meaning; representation=short data/claim
U1-EP-SUM-V5-S05,U1-MG03,U1-SUM-V5-Q07,Summative,1,,V5,U1-SUM-SLOT05,U1-SUM-MU5-FAM05,"Represent and determine net force using vectors, then use the result to classify balanced and unbalanced situations.",,Mathematical / Computational Thinking,multipart,"Secure evidence for U1-MG03: Represent and determine net force using vectors, then use the result to classify balanced and unbalanced situations.",secure,120,Unit 1 progress language: Not Yet / Approaching / Meeting / Exceeding,form_group=makeup; calculator=not required; blueprint_focus=one-dimensional net force; representation=numeric forces
U1-EP-SUM-V5-S09,U1-MG04,U1-SUM-V5-Q08,Summative,1,,V5,U1-SUM-SLOT09,U1-SUM-MU5-FAM09,"Create, critique, and defend force models for real-world systems using evidence about interactions and motion.",,Develop and Use Models,multipart,"Secure evidence for U1-MG04: Create, critique, and defend force models for real-world systems using evidence about interactions and motion.",secure,240,Unit 1 progress language: Not Yet / Approaching / Meeting / Exceeding,form_group=makeup; calculator=not required; blueprint_focus=defend model with motion evidence; representation=evidence/model comparison
U1-EP-SUM-V5-S04,U1-MG02,U1-SUM-V5-Q09,Summative,1,,V5,U1-SUM-SLOT04,U1-SUM-MU5-FAM04,Explain Newton’s First Law and inertia to predict when an object’s motion remains unchanged or changes.,,Scientific Explanation and Argument from Evidence,multipart,Secure evidence for U1-MG02: Explain Newton’s First Law and inertia to predict when an object’s motion remains unchanged or changes.,secure,180,Unit 1 progress language: Not Yet / Approaching / Meeting / Exceeding,form_group=makeup; calculator=not required; blueprint_focus=inertia/no-net-force misconception critique; representation=explanation
U1-EP-SUM-V5-S07,U1-MG03,U1-SUM-V5-Q10,Summative,1,,V5,U1-SUM-SLOT07,U1-SUM-MU5-FAM07,"Represent and determine net force using vectors, then use the result to classify balanced and unbalanced situations.",,Mathematical / Computational Thinking,short response,"Secure evidence for U1-MG03: Represent and determine net force using vectors, then use the result to classify balanced and unbalanced situations.",secure,90,Unit 1 progress language: Not Yet / Approaching / Meeting / Exceeding,form_group=makeup; calculator=not required; blueprint_focus=equilibrium classification from force relationships; representation=force relationship
U1-EP-SUM-V6-S04,U1-MG02,U1-SUM-V6-Q01,Summative,1,,V6,U1-SUM-SLOT04,U1-SUM-MU6-FAM04,Explain Newton’s First Law and inertia to predict when an object’s motion remains unchanged or changes.,,Scientific Explanation and Argument from Evidence,multipart,Secure evidence for U1-MG02: Explain Newton’s First Law and inertia to predict when an object’s motion remains unchanged or changes.,secure,180,Unit 1 progress language: Not Yet / Approaching / Meeting / Exceeding,form_group=makeup; calculator=not required; blueprint_focus=inertia/no-net-force misconception critique; representation=explanation
U1-EP-SUM-V6-S09,U1-MG04,U1-SUM-V6-Q02,Summative,1,,V6,U1-SUM-SLOT09,U1-SUM-MU6-FAM09,"Create, critique, and defend force models for real-world systems using evidence about interactions and motion.",,Develop and Use Models,multipart,"Secure evidence for U1-MG04: Create, critique, and defend force models for real-world systems using evidence about interactions and motion.",secure,240,Unit 1 progress language: Not Yet / Approaching / Meeting / Exceeding,form_group=makeup; calculator=not required; blueprint_focus=defend model with motion evidence; representation=evidence/model comparison
U1-EP-SUM-V6-S02,U1-MG01,U1-SUM-V6-Q03,Summative,1,,V6,U1-SUM-SLOT02,U1-SUM-MU6-FAM02,"Use evidence and models to distinguish observations, inferences, and testable physics explanations, and communicate what a representation or relationship means.",,Scientific Explanation and Argument from Evidence,multipart,"Secure evidence for U1-MG01: Use evidence and models to distinguish observations, inferences, and testable physics explanations, and communicate what a representation or relationship means.",secure,180,Unit 1 progress language: Not Yet / Approaching / Meeting / Exceeding,form_group=makeup; calculator=not required; blueprint_focus=testable claim and evidence/model meaning; representation=short data/claim
U1-EP-SUM-V6-S07,U1-MG03,U1-SUM-V6-Q04,Summative,1,,V6,U1-SUM-SLOT07,U1-SUM-MU6-FAM07,"Represent and determine net force using vectors, then use the result to classify balanced and unbalanced situations.",,Mathematical / Computational Thinking,multipart,"Secure evidence for U1-MG03: Represent and determine net force using vectors, then use the result to classify balanced and unbalanced situations.",secure,90,Unit 1 progress language: Not Yet / Approaching / Meeting / Exceeding,form_group=makeup; calculator=not required; blueprint_focus=equilibrium classification from force relationships; representation=force relationship
U1-EP-SUM-V6-S01,U1-MG01,U1-SUM-V6-Q05,Summative,1,,V6,U1-SUM-SLOT01,U1-SUM-MU6-FAM01,"Use evidence and models to distinguish observations, inferences, and testable physics explanations, and communicate what a representation or relationship means.",,Scientific Explanation and Argument from Evidence,multipart,"Secure evidence for U1-MG01: Use evidence and models to distinguish observations, inferences, and testable physics explanations, and communicate what a representation or relationship means.",secure,90,Unit 1 progress language: Not Yet / Approaching / Meeting / Exceeding,form_group=makeup; calculator=not required; blueprint_focus=observation vs inference; representation=scenario statement
U1-EP-SUM-V6-S10,U1-MG02,U1-SUM-V6-Q06,Summative,1,,V6,U1-SUM-SLOT10,U1-SUM-MU6-FAM10,Explain Newton’s First Law and inertia to predict when an object’s motion remains unchanged or changes.,,Scientific Explanation and Argument from Evidence,short response,Secure evidence for U1-MG02: Explain Newton’s First Law and inertia to predict when an object’s motion remains unchanged or changes.,secure,90,Unit 1 progress language: Not Yet / Approaching / Meeting / Exceeding,form_group=makeup; calculator=not required; blueprint_focus=static/dynamic equilibrium and changing velocity; representation=motion classification
U1-EP-SUM-V6-S05,U1-MG03,U1-SUM-V6-Q07,Summative,1,,V6,U1-SUM-SLOT05,U1-SUM-MU6-FAM05,"Represent and determine net force using vectors, then use the result to classify balanced and unbalanced situations.",,Mathematical / Computational Thinking,short response,"Secure evidence for U1-MG03: Represent and determine net force using vectors, then use the result to classify balanced and unbalanced situations.",secure,120,Unit 1 progress language: Not Yet / Approaching / Meeting / Exceeding,form_group=makeup; calculator=not required; blueprint_focus=one-dimensional net force; representation=numeric forces
U1-EP-SUM-V6-S03,U1-MG02,U1-SUM-V6-Q08,Summative,1,,V6,U1-SUM-SLOT03,U1-SUM-MU6-FAM03,Explain Newton’s First Law and inertia to predict when an object’s motion remains unchanged or changes.,,Scientific Explanation and Argument from Evidence,short response,Secure evidence for U1-MG02: Explain Newton’s First Law and inertia to predict when an object’s motion remains unchanged or changes.,secure,90,Unit 1 progress language: Not Yet / Approaching / Meeting / Exceeding,form_group=makeup; calculator=not required; blueprint_focus=Newton First Law motion prediction; representation=motion scenario
U1-EP-SUM-V6-S08,U1-MG04,U1-SUM-V6-Q09,Summative,1,,V6,U1-SUM-SLOT08,U1-SUM-MU6-FAM08,"Create, critique, and defend force models for real-world systems using evidence about interactions and motion.",,Develop and Use Models,multipart,"Secure evidence for U1-MG04: Create, critique, and defend force models for real-world systems using evidence about interactions and motion.",secure,180,Unit 1 progress language: Not Yet / Approaching / Meeting / Exceeding,form_group=makeup; calculator=not required; blueprint_focus=force-model system audit; representation=model critique
U1-EP-SUM-V6-S06,U1-MG03,U1-SUM-V6-Q10,Summative,1,,V6,U1-SUM-SLOT06,U1-SUM-MU6-FAM06,"Represent and determine net force using vectors, then use the result to classify balanced and unbalanced situations.",,Mathematical / Computational Thinking,multipart,"Secure evidence for U1-MG03: Represent and determine net force using vectors, then use the result to classify balanced and unbalanced situations.",secure,150,Unit 1 progress language: Not Yet / Approaching / Meeting / Exceeding,form_group=makeup; calculator=not required; blueprint_focus=simple two-dimensional resultant; representation=components
